--
-- PostgreSQL database dump
--

\restrict vvsjf8K1tBGXCWiSfs8v4IOqfjvZisk9w8Je10EaG0BNUKawFOm02tK8aAhg2p0

-- Dumped from database version 16.13
-- Dumped by pg_dump version 16.13

SET statement_timeout = 0;
SET lock_timeout = 0;
SET idle_in_transaction_session_timeout = 0;
SET client_encoding = 'UTF8';
SET standard_conforming_strings = on;
SELECT pg_catalog.set_config('search_path', '', false);
SET check_function_bodies = false;
SET xmloption = content;
SET client_min_messages = warning;
SET row_security = off;

--
-- Data for Name: societa; Type: TABLE DATA; Schema: public; Owner: registro_user
--

COPY public.societa (id, nome, nome_breve, logo, logosponsor, colore_primario, colore_secondario, is_attiva) FROM stdin;
1	RedTigers 1957	RedTigers	logo_logo.jpg	logosponsor_logosponsor.png	#dc2626	#1f2937	1
2	CLUB VALLI	\N	logo_logosponsor.png	logosponsor_logo.jpg	#2cdd4a	#d0f288	1
\.


--
-- Data for Name: categorie; Type: TABLE DATA; Schema: public; Owner: registro_user
--

COPY public.categorie (id, nome, anno, giorni, stagione, is_portieri, is_archiviata, drive_folder_id, societa_id, data_inizio_stagione, data_fine_stagione) FROM stdin;
13	TEST	2024	1,3,6	2025	0	0	\N	2	\N	\N
14	TEST2	2013	1,3,5	2025	0	0	\N	2	\N	\N
11	Portieri Scuola Calcio	\N	3,5	2025	1	0	\N	1	2025-09-01	2026-07-10
9	Primi Calci	2017	1,3,4	2025	0	0	\N	1	2025-09-01	2026-07-10
7	Pulcini	2016	1,3,5	2025	0	0	\N	1	2025-09-01	2026-07-10
8	Pulcini	2015	2,3,5	2025	0	0	\N	1	2025-09-01	2026-07-10
1	Esordienti	2014	1,2,4	2025	0	0	1wR-kbWAAEVI716_u8LI14iKim4nsF1SF	1	2025-09-01	2026-07-10
6	Esordienti	2013	1,3,4	2025	0	0	\N	1	2025-09-01	2026-07-10
\.


--
-- Data for Name: codici; Type: TABLE DATA; Schema: public; Owner: registro_user
--

COPY public.codici (codice, descrizione, tipo) FROM stdin;
X	Presente	presenza
AG	Assente giustificato	assenza
AI	Assente ingiustificato	assenza
P	Allen. Portieri	extra
R	Recupero altra cat.	extra
\.


--
-- Data for Name: gruppi; Type: TABLE DATA; Schema: public; Owner: registro_user
--

COPY public.gruppi (id, nome) FROM stdin;
1	PRIMO GRUPPO
2	SECONDO GRUPPO
3	TERZO GRUPPO
4	PORTIERI
\.


--
-- Data for Name: persone; Type: TABLE DATA; Schema: public; Owner: registro_user
--

COPY public.persone (id, nome, cognome, gruppo_id, categoria_id, data_nascita, codice_fiscale, telefono, matricola, numero_maglia, scadenza_certificato, societa_id) FROM stdin;
3	Francesco	Alfonsi	1	\N	\N	\N	\N	\N	\N	\N	1
4	Andrea	Artiglio	1	\N	\N	\N	\N	\N	\N	\N	1
5	Luca	Badragan	1	\N	\N	\N	\N	\N	\N	\N	1
6	Gabriele	Barillaro	1	\N	\N	\N	\N	\N	\N	\N	1
7	Francesco	Alfonsi	1	1	2014-11-19	LFNFNC14S19H501K	3381084734 / 3319259991	3512056	20	2026-08-29	1
8	Andrea	Artiglio	1	1	2014-10-29	RTGNDR14R29H501E	3492822723	3794806	25	2026-09-15	1
11	Luca	Badragan	1	1	2014-06-26	BDRLCU14H29H501H	3884793248	3759076	23	2026-08-28	1
14	Cristiano	Barbaro	3	1	2014-05-30	BRBCST14E30H501J	3462674149	3794667	43	2026-09-15	1
9	Antonio	Cante	2	1	2014-03-13	CNTNTN14C14F839J	3381596633	\N	21	2025-10-10	1
15	Gabriele	Barillaro	1	1	2014-04-24	BRLGRL14D24H501K	3510343981 / 3489388415	3805253	22	2026-09-17	1
16	Dario	Cacurri	3	1	2014-09-15	CCRDRA14P15H501P	\N	\N	\N	\N	1
17	Test	Test	1	14	\N	\N	\N	\N	1	\N	2
10	Cristiano	Comerci	2	1	2014-01-25	c78f32cdb23e733cddfe22c9b4f169b6a18e62dda609350fa6a0fa650c3a5691	fbda96127f4d0f7fa4a272344f9e59f7946c4b2d1d368393cde41fe2879c95ee	4087140	48	2026-07-17	\N
18	Mattia	Carpino	3	1	2014-09-25	db3d8c20402cc5128fc0b1573c0c6a51731d02382cddf2669b517e5e682d57e5	62e6d51d63727cb296c4834960bdf4f065fe830c8c6918750587d7948302acd2	3796519	24	2026-09-25	\N
19	Cesare	Cremonese	3	1	2014-06-25	ccbef42a044065c50fb9b08dabfcfab9011466ae9f2a11293a929cdd1d2fc3f9	1ac855a6951159a0841eb90a1d8fc1e2eb1912c689653033932143bc608b4bdf	3508814	48	2025-11-08	1
21	Excel Edward	Chidera 	1	1	2014-08-20	3ec29b421353671d2efd963dd407672c668d4eebbcb3764b3958037efd5896d7	45c87ee186474cd2d74b574e7ff058cad994ba54eef18d8a227aa46a036f30d8	3960663	31	2026-09-20	\N
22	Emanuele	D'Agostino	3	1	2014-07-19	56836e1430f646b0a4c43ad0e98e30cabae35c7849676002f3c2e626a6bd4b05	310118428b4b92f0515988376744ce1dde7b87a61844dfda4339bb44868421b9	3502414	30	2025-10-21	1
23	Leonardo	De Cristofaro	4	1	2014-11-20	bafb24e19af3af97d2e5bcd506e71ef250e5119d06b7a9c3da20ca8694269a8b	72317aaec75b25552da77502a4281b07efc566ecdbfa3312d8926dba1d5be340	4249853	27	2026-07-30	1
24	Gabriele	De Luca	2	1	2014-08-01	\N	9499e402551dec65f3cbe95097d8b8f85e2d1cce726199b076f3658818820114	3796444	34	2026-09-09	1
25	Leonardo	De Marchis	2	1	2014-02-24	1a74af36fb1ca62f33c22c366db7f41cc9ee56544cfc932553bfb1a53fe551a6	b9562307bdf9da5c8d4834468bc2f3b9e5e83d1310d93a78692fdbc9d025a52e	3797009	28	2025-11-14	1
20	Mattia	Chiaramonte	1	1	2014-08-05	bc23cec84ef6fbf92e70087997cc7f51cafeb42a4672b9e37229d2295a1cbe82	125ba178487142da7f437c28afcc607e847cab1fb613a4403a388f4acb4ba24f	3797483	47	2025-10-07	\N
\.


--
-- Data for Name: registro; Type: TABLE DATA; Schema: public; Owner: registro_user
--

COPY public.registro (id, persona_id, data, codice, categoria_id, societa_id) FROM stdin;
92	15	2025-09-04	AG	1	1
93	15	2025-09-18	AG	1	1
94	15	2025-09-29	AG	1	1
95	15	2025-09-08	X	1	1
96	15	2025-09-09	X	1	1
1	7	2026-03-02	X	1	1
2	7	2026-03-03	X	1	1
3	7	2026-03-05	X	1	1
4	7	2026-03-09	X	1	1
5	7	2026-03-10	AG	1	1
6	7	2026-03-12	R	1	1
7	7	2026-03-16	X	1	1
8	7	2026-03-17	X	1	1
9	7	2026-03-19	X	1	1
10	7	2026-03-23	X	1	1
11	7	2026-03-24	X	1	1
12	8	2026-03-02	X	1	1
13	8	2026-03-03	X	1	1
14	8	2026-03-05	AG	1	1
15	8	2026-03-09	X	1	1
16	8	2026-03-10	X	1	1
17	8	2026-03-12	X	1	1
18	8	2026-03-16	X	1	1
19	8	2026-03-17	X	1	1
20	8	2026-03-19	X	1	1
21	8	2026-03-23	X	1	1
22	8	2026-03-24	X	1	1
23	9	2026-03-02	X	1	1
24	9	2026-03-03	X	1	1
25	9	2026-03-05	X	1	1
26	9	2026-03-09	X	1	1
27	9	2026-03-10	X	1	1
28	9	2026-03-12	X	1	1
29	9	2026-03-16	X	1	1
30	9	2026-03-17	X	1	1
31	9	2026-03-19	X	1	1
32	9	2026-03-23	X	1	1
33	9	2026-03-24	X	1	1
35	10	2026-03-02	AG	1	1
36	10	2026-03-03	AG	1	1
37	10	2026-03-05	AG	1	1
38	10	2026-03-09	X	1	1
39	10	2026-03-10	X	1	1
40	10	2026-03-12	AG	1	1
41	10	2026-03-16	AG	1	1
42	10	2026-03-17	AG	1	1
43	10	2026-03-19	AG	1	1
44	10	2026-03-23	AG	1	1
45	10	2026-03-24	AG	1	1
46	11	2026-03-02	X	1	1
48	7	2025-09-01	X	1	1
49	7	2025-09-02	X	1	1
50	7	2025-09-09	AG	1	1
51	7	2025-09-04	X	1	1
52	7	2025-09-08	X	1	1
53	7	2025-09-11	X	1	1
54	7	2025-09-15	X	1	1
55	7	2025-09-16	X	1	1
56	7	2025-09-18	X	1	1
57	7	2025-09-22	X	1	1
58	7	2025-09-23	X	1	1
59	7	2025-09-25	X	1	1
60	7	2025-09-29	X	1	1
61	7	2025-09-30	X	1	1
62	8	2025-09-22	AG	1	1
63	8	2025-09-23	AG	1	1
64	8	2025-09-25	AG	1	1
65	8	2025-09-01	X	1	1
66	8	2025-09-02	X	1	1
67	8	2025-09-04	X	1	1
68	8	2025-09-08	X	1	1
69	8	2025-09-09	X	1	1
70	8	2025-09-11	X	1	1
71	8	2025-09-15	X	1	1
72	8	2025-09-16	X	1	1
73	8	2025-09-18	X	1	1
74	8	2025-09-29	X	1	1
75	8	2025-09-30	X	1	1
76	11	2025-09-01	X	1	1
77	11	2025-09-02	X	1	1
78	11	2025-09-04	X	1	1
79	11	2025-09-08	X	1	1
80	11	2025-09-09	X	1	1
81	11	2025-09-11	X	1	1
82	11	2025-09-15	X	1	1
83	11	2025-09-16	X	1	1
84	11	2025-09-18	X	1	1
85	11	2025-09-22	X	1	1
86	11	2025-09-23	X	1	1
87	11	2025-09-25	X	1	1
88	11	2025-09-29	X	1	1
89	11	2025-09-30	X	1	1
90	15	2025-09-01	AG	1	1
91	15	2025-09-02	AG	1	1
97	15	2025-09-11	X	1	1
98	15	2025-09-15	X	1	1
99	15	2025-09-16	X	1	1
100	15	2025-09-23	X	1	1
101	15	2025-09-22	X	1	1
102	15	2025-09-25	X	1	1
103	15	2025-09-30	X	1	1
104	9	2025-09-11	AI	1	1
105	9	2025-09-22	AG	1	1
106	9	2025-09-08	X	1	1
107	9	2025-09-09	X	1	1
108	9	2025-09-15	X	1	1
109	9	2025-09-16	X	1	1
110	9	2025-09-18	X	1	1
111	9	2025-09-23	X	1	1
112	9	2025-09-25	X	1	1
113	9	2025-09-29	X	1	1
114	9	2025-09-30	X	1	1
115	10	2025-09-11	AI	1	1
116	10	2025-09-25	AG	1	1
117	10	2025-09-01	X	1	1
118	10	2025-09-02	X	1	1
119	10	2025-09-04	X	1	1
120	10	2025-09-08	X	1	1
121	10	2025-09-09	X	1	1
122	10	2025-09-15	X	1	1
123	10	2025-09-16	X	1	1
124	10	2025-09-18	X	1	1
125	10	2025-09-22	X	1	1
126	10	2025-09-23	X	1	1
127	10	2025-09-29	X	1	1
128	10	2025-09-30	X	1	1
129	14	2025-09-09	AG	1	1
130	14	2025-09-01	X	1	1
131	14	2025-09-02	X	1	1
132	14	2025-09-04	X	1	1
133	14	2025-09-08	X	1	1
134	14	2025-09-11	X	1	1
135	14	2025-09-16	X	1	1
136	14	2025-09-15	X	1	1
137	14	2025-09-18	X	1	1
138	14	2025-09-22	X	1	1
139	14	2025-09-23	X	1	1
140	14	2025-09-25	X	1	1
141	14	2025-09-29	X	1	1
142	14	2025-09-30	X	1	1
143	7	2025-10-21	AG	1	1
144	15	2025-10-07	AG	1	1
145	15	2025-10-23	AG	1	1
146	15	2025-10-27	AG	1	1
147	15	2025-10-28	AG	1	1
148	15	2025-10-30	AG	1	1
149	7	2025-10-02	X	1	1
150	8	2025-10-02	X	1	1
151	11	2025-10-02	X	1	1
152	15	2025-10-02	X	1	1
153	7	2025-10-06	X	1	1
47	7	2026-04-02	X	1	1
154	8	2025-10-06	X	1	1
157	7	2025-10-07	X	1	1
160	7	2025-10-09	X	1	1
162	11	2025-10-09	X	1	1
165	8	2025-10-13	X	1	1
168	7	2025-10-14	X	1	1
171	7	2025-10-23	X	1	1
174	7	2025-10-30	X	1	1
177	8	2025-10-20	X	1	1
180	8	2025-10-27	X	1	1
183	11	2025-10-14	X	1	1
186	15	2025-10-14	X	1	1
189	11	2025-10-21	X	1	1
192	11	2025-10-27	X	1	1
195	9	2025-10-02	AG	1	1
198	9	2025-10-09	AG	1	1
201	10	2025-10-21	AG	1	1
204	9	2025-10-14	X	1	1
207	9	2025-10-21	X	1	1
210	9	2025-10-30	X	1	1
155	11	2025-10-06	X	1	1
158	8	2025-10-07	X	1	1
161	8	2025-10-09	X	1	1
163	15	2025-10-09	X	1	1
166	11	2025-10-13	X	1	1
169	7	2025-10-16	X	1	1
172	7	2025-10-27	X	1	1
175	8	2025-10-14	X	1	1
178	8	2025-10-21	X	1	1
181	8	2025-10-28	X	1	1
184	11	2025-10-16	X	1	1
187	11	2025-10-20	X	1	1
190	15	2025-10-21	X	1	1
193	11	2025-10-28	X	1	1
196	9	2025-10-06	AG	1	1
199	9	2025-10-23	AG	1	1
202	10	2025-10-23	AG	1	1
205	9	2025-10-16	X	1	1
208	9	2025-10-27	X	1	1
211	10	2025-10-02	X	1	1
156	15	2025-10-06	X	1	1
159	11	2025-10-07	X	1	1
164	7	2025-10-13	X	1	1
167	15	2025-10-13	X	1	1
170	7	2025-10-20	X	1	1
173	7	2025-10-28	X	1	1
176	8	2025-10-16	X	1	1
179	8	2025-10-23	X	1	1
182	8	2025-10-30	X	1	1
185	15	2025-10-16	X	1	1
188	15	2025-10-20	X	1	1
191	11	2025-10-23	X	1	1
194	11	2025-10-30	X	1	1
197	9	2025-10-07	AG	1	1
200	10	2025-10-20	AG	1	1
203	9	2025-10-13	X	1	1
206	9	2025-10-20	X	1	1
209	9	2025-10-28	X	1	1
212	10	2025-10-06	X	1	1
213	10	2025-10-07	X	1	1
214	10	2025-10-09	X	1	1
215	10	2025-10-13	X	1	1
216	10	2025-10-14	X	1	1
217	10	2025-10-16	X	1	1
218	10	2025-10-27	X	1	1
219	10	2025-10-28	X	1	1
220	10	2025-10-30	X	1	1
221	14	2025-10-09	AI	1	1
222	16	2025-10-16	AI	1	1
223	16	2025-10-23	AI	1	1
224	16	2025-10-13	X	1	1
225	16	2025-10-14	X	1	1
226	16	2025-10-20	X	1	1
227	16	2025-10-21	X	1	1
228	16	2025-10-27	X	1	1
229	16	2025-10-28	X	1	1
230	16	2025-10-30	X	1	1
231	14	2025-10-13	X	1	1
232	14	2025-10-14	X	1	1
233	14	2025-10-16	X	1	1
234	14	2025-10-20	X	1	1
235	14	2025-10-21	X	1	1
236	14	2025-10-23	X	1	1
237	14	2025-10-27	X	1	1
238	14	2025-10-28	X	1	1
239	14	2025-10-30	X	1	1
240	14	2025-10-02	X	1	1
241	14	2025-10-06	X	1	1
242	14	2025-10-07	X	1	1
243	7	2025-11-18	AG	1	1
244	8	2025-11-24	AG	1	1
245	11	2025-11-27	AG	1	1
246	15	2025-11-04	AG	1	1
247	15	2025-11-10	AG	1	1
248	15	2025-11-11	AG	1	1
249	15	2025-11-17	AG	1	1
250	15	2025-11-18	AG	1	1
251	15	2025-11-20	AG	1	1
252	15	2025-11-24	AG	1	1
253	15	2025-11-25	R	1	1
254	7	2025-11-03	X	1	1
255	8	2025-11-03	X	1	1
256	11	2025-11-03	X	1	1
257	15	2025-11-03	X	1	1
258	7	2025-11-04	X	1	1
259	8	2025-11-04	X	1	1
260	11	2025-11-04	X	1	1
261	7	2025-11-06	X	1	1
262	8	2025-11-06	X	1	1
263	11	2025-11-06	X	1	1
264	15	2025-11-06	X	1	1
265	7	2025-11-10	X	1	1
266	11	2025-11-10	X	1	1
267	8	2025-11-10	X	1	1
268	7	2025-11-11	X	1	1
269	8	2025-11-11	X	1	1
270	11	2025-11-11	X	1	1
271	7	2025-11-13	X	1	1
272	8	2025-11-13	X	1	1
273	11	2025-11-13	X	1	1
274	15	2025-11-13	X	1	1
275	7	2025-11-17	X	1	1
276	8	2025-11-17	X	1	1
277	11	2025-11-17	X	1	1
278	8	2025-11-18	X	1	1
279	11	2025-11-18	X	1	1
280	7	2025-11-20	X	1	1
281	8	2025-11-20	X	1	1
282	11	2025-11-20	X	1	1
283	11	2025-11-24	X	1	1
284	7	2025-11-24	X	1	1
285	7	2025-11-25	X	1	1
286	7	2025-11-27	X	1	1
287	8	2025-11-25	X	1	1
288	8	2025-11-27	X	1	1
289	11	2025-11-25	X	1	1
290	15	2025-11-27	X	1	1
291	10	2025-11-04	AG	1	1
292	10	2025-11-25	AG	1	1
293	9	2025-11-03	X	1	1
294	10	2025-11-03	X	1	1
295	9	2025-11-04	X	1	1
296	9	2025-11-06	X	1	1
297	10	2025-11-06	X	1	1
298	9	2025-11-10	X	1	1
299	9	2025-11-11	X	1	1
300	10	2025-11-11	X	1	1
301	10	2025-11-10	X	1	1
302	9	2025-11-13	X	1	1
303	10	2025-11-13	X	1	1
304	9	2025-11-17	X	1	1
305	10	2025-11-17	X	1	1
306	9	2025-11-18	X	1	1
307	10	2025-11-18	X	1	1
308	9	2025-11-20	X	1	1
309	10	2025-11-24	X	1	1
310	10	2025-11-20	X	1	1
311	9	2025-11-24	X	1	1
312	9	2025-11-27	X	1	1
313	9	2025-11-25	X	1	1
314	10	2025-11-27	X	1	1
315	16	2025-11-06	AI	1	1
316	16	2025-11-13	AI	1	1
317	16	2025-11-18	AI	1	1
318	16	2025-11-20	AI	1	1
319	16	2025-11-24	AI	1	1
320	16	2025-11-27	AI	1	1
321	14	2025-11-11	AG	1	1
322	14	2025-11-18	AI	1	1
323	14	2025-11-24	AG	1	1
324	14	2025-11-25	AG	1	1
325	14	2025-11-27	AG	1	1
326	14	2025-11-03	X	1	1
327	14	2025-11-04	X	1	1
328	16	2025-11-03	X	1	1
329	16	2025-11-04	X	1	1
330	14	2025-11-06	X	1	1
331	14	2025-11-10	X	1	1
332	16	2025-11-10	X	1	1
333	16	2025-11-11	X	1	1
334	14	2025-11-13	X	1	1
335	14	2025-11-17	X	1	1
336	16	2025-11-17	X	1	1
337	14	2025-11-20	X	1	1
338	16	2025-11-25	X	1	1
339	14	2025-12-02	AG	1	1
340	14	2025-12-18	AI	1	1
341	16	2025-12-01	AI	1	1
342	16	2025-12-02	AI	1	1
343	16	2025-12-04	AI	1	1
344	16	2025-12-09	X	1	1
345	16	2025-12-11	AI	1	1
346	16	2025-12-16	AI	1	1
347	16	2025-12-18	AI	1	1
348	16	2025-12-15	X	1	1
349	14	2025-12-01	X	1	1
350	14	2025-12-04	X	1	1
351	14	2025-12-09	X	1	1
354	14	2025-12-16	X	1	1
357	9	2025-12-04	X	1	1
360	9	2025-12-15	X	1	1
363	10	2025-12-18	X	1	1
366	10	2025-12-11	AG	1	1
369	10	2025-12-01	X	1	1
372	7	2025-12-18	AG	1	1
375	8	2025-12-18	AI	1	1
377	15	2025-12-09	X	1	1
380	7	2025-12-09	X	1	1
383	8	2025-12-11	X	1	1
386	11	2025-12-16	X	1	1
389	15	2025-12-15	X	1	1
392	7	2025-12-04	X	1	1
395	7	2025-12-02	X	1	1
398	15	2025-12-02	X	1	1
401	11	2025-12-01	X	1	1
352	14	2025-12-11	X	1	1
355	9	2025-12-02	AG	1	1
358	9	2025-12-09	X	1	1
361	9	2025-12-16	X	1	1
364	10	2025-12-16	X	1	1
367	10	2025-12-09	X	1	1
370	10	2025-12-04	X	1	1
373	8	2025-12-15	AG	1	1
376	15	2025-12-04	AG	1	1
378	11	2025-12-09	X	1	1
381	7	2025-12-11	X	1	1
384	11	2025-12-11	X	1	1
387	11	2025-12-18	X	1	1
390	15	2025-12-16	X	1	1
393	8	2025-12-04	X	1	1
396	8	2025-12-02	X	1	1
399	7	2025-12-01	X	1	1
402	15	2025-12-01	X	1	1
353	14	2025-12-15	X	1	1
356	9	2025-12-01	X	1	1
359	9	2025-12-11	X	1	1
362	9	2025-12-18	X	1	1
365	10	2025-12-15	X	1	1
368	10	2025-12-02	AG	1	1
371	7	2025-12-16	AG	1	1
374	8	2025-12-16	AI	1	1
379	8	2025-12-09	X	1	1
382	7	2025-12-15	X	1	1
385	11	2025-12-15	X	1	1
388	15	2025-12-11	X	1	1
391	15	2025-12-18	X	1	1
394	11	2025-12-04	X	1	1
397	11	2025-12-02	X	1	1
400	8	2025-12-01	X	1	1
403	7	2026-01-22	AG	1	1
404	7	2026-01-27	AG	1	1
405	8	2026-01-26	AG	1	1
406	8	2026-01-06	\N	1	1
407	7	2026-01-08	X	1	1
408	7	2026-01-12	X	1	1
409	7	2026-01-13	X	1	1
410	7	2026-01-19	X	1	1
411	7	2026-01-15	X	1	1
412	7	2026-01-20	X	1	1
413	7	2026-01-26	X	1	1
414	7	2026-01-29	X	1	1
415	11	2026-01-15	AG	1	1
416	15	2026-01-19	R	1	1
417	15	2026-01-29	AG	1	1
418	15	2026-01-27	AG	1	1
419	8	2026-01-08	X	1	1
420	11	2026-01-08	X	1	1
421	15	2026-01-08	X	1	1
422	8	2026-01-12	X	1	1
423	11	2026-01-12	X	1	1
424	15	2026-01-12	X	1	1
425	8	2026-01-13	X	1	1
426	11	2026-01-13	X	1	1
427	15	2026-01-13	X	1	1
428	8	2026-01-15	X	1	1
429	15	2026-01-15	X	1	1
430	8	2026-01-19	X	1	1
431	11	2026-01-19	X	1	1
432	8	2026-01-20	X	1	1
433	8	2026-01-22	X	1	1
434	11	2026-01-20	X	1	1
435	15	2026-01-20	X	1	1
436	11	2026-01-22	X	1	1
437	11	2026-01-26	X	1	1
438	15	2026-01-22	X	1	1
439	15	2026-01-26	X	1	1
440	8	2026-01-27	X	1	1
441	8	2026-01-29	X	1	1
442	11	2026-01-27	X	1	1
443	11	2026-01-29	X	1	1
444	9	2026-01-22	AG	1	1
445	10	2026-01-13	AG	1	1
446	10	2026-01-15	AG	1	1
447	10	2026-01-19	AG	1	1
448	10	2026-01-26	AG	1	1
449	9	2026-01-01	\N	1	1
450	9	2026-01-08	X	1	1
451	9	2026-01-12	X	1	1
452	10	2026-01-08	X	1	1
453	10	2026-01-12	X	1	1
454	9	2026-01-13	X	1	1
455	9	2026-01-15	X	1	1
456	9	2026-01-19	X	1	1
457	9	2026-01-20	X	1	1
458	10	2026-01-20	X	1	1
459	10	2026-01-22	X	1	1
460	9	2026-01-26	X	1	1
461	9	2026-01-27	X	1	1
462	9	2026-01-29	X	1	1
463	10	2026-01-27	X	1	1
464	10	2026-01-29	X	1	1
465	14	2026-01-08	AG	1	1
466	16	2026-01-08	AI	1	1
467	16	2026-01-12	X	1	1
468	16	2026-01-13	X	1	1
469	16	2026-01-15	AI	1	1
470	16	2026-01-22	AI	1	1
471	16	2026-01-29	AI	1	1
472	14	2026-01-12	X	1	1
473	14	2026-01-13	X	1	1
474	14	2026-01-15	X	1	1
475	14	2026-01-19	X	1	1
476	16	2026-01-19	X	1	1
477	14	2026-01-20	X	1	1
478	16	2026-01-20	X	1	1
479	14	2026-01-22	X	1	1
480	14	2026-01-26	X	1	1
481	14	2026-01-27	X	1	1
482	14	2026-01-29	X	1	1
483	16	2026-01-27	X	1	1
484	16	2026-01-26	X	1	1
485	16	2026-02-02	X	1	1
486	16	2026-02-03	AI	1	1
487	16	2026-02-05	AI	1	1
488	16	2026-02-09	AI	1	1
489	16	2026-02-12	AG	1	1
490	16	2026-02-16	AI	1	1
491	16	2026-02-26	AI	1	1
492	16	2026-02-10	X	1	1
493	16	2026-02-17	X	1	1
494	16	2026-02-19	X	1	1
495	16	2026-02-23	X	1	1
496	16	2026-02-24	X	1	1
497	14	2026-02-02	X	1	1
498	14	2026-02-10	AG	1	1
499	14	2026-02-12	AG	1	1
500	14	2026-02-23	AG	1	1
501	14	2026-02-03	X	1	1
502	14	2026-02-05	X	1	1
503	14	2026-02-09	X	1	1
504	14	2026-02-16	X	1	1
505	14	2026-02-17	X	1	1
506	14	2026-02-19	X	1	1
507	14	2026-02-24	X	1	1
508	14	2026-02-26	X	1	1
509	10	2026-02-12	AG	1	1
510	10	2026-02-26	AG	1	1
511	9	2026-02-02	X	1	1
512	10	2026-02-02	X	1	1
513	9	2026-02-03	X	1	1
514	10	2026-02-03	X	1	1
515	9	2026-02-05	X	1	1
516	10	2026-02-05	X	1	1
517	9	2026-02-09	X	1	1
518	10	2026-02-09	X	1	1
519	9	2026-02-10	X	1	1
520	10	2026-02-10	X	1	1
521	9	2026-02-12	X	1	1
522	9	2026-02-16	X	1	1
523	9	2026-02-17	X	1	1
524	9	2026-02-19	X	1	1
525	9	2026-02-23	X	1	1
526	9	2026-02-24	X	1	1
527	9	2026-02-26	X	1	1
528	10	2026-02-16	X	1	1
529	10	2026-02-17	X	1	1
530	10	2026-02-19	X	1	1
531	10	2026-02-23	X	1	1
532	10	2026-02-24	X	1	1
533	7	2026-02-02	AG	1	1
534	7	2026-02-03	AG	1	1
535	7	2026-02-05	AG	1	1
536	15	2026-02-24	AG	1	1
537	11	2026-02-02	X	1	1
538	8	2026-02-02	X	1	1
539	15	2026-02-02	X	1	1
540	8	2026-02-03	X	1	1
541	11	2026-02-03	X	1	1
542	15	2026-02-03	X	1	1
543	15	2026-02-05	X	1	1
545	8	2026-02-05	X	1	1
548	11	2026-02-09	X	1	1
551	7	2026-02-10	X	1	1
554	7	2026-02-12	X	1	1
544	11	2026-02-05	X	1	1
546	7	2026-02-09	X	1	1
549	15	2026-02-09	X	1	1
552	11	2026-02-10	X	1	1
555	8	2026-02-12	X	1	1
557	15	2026-02-12	X	1	1
560	11	2026-02-16	X	1	1
563	8	2026-02-17	X	1	1
566	7	2026-02-19	X	1	1
569	15	2026-02-19	X	1	1
572	11	2026-02-23	X	1	1
575	8	2026-02-24	X	1	1
578	8	2026-02-26	X	1	1
547	8	2026-02-09	X	1	1
550	8	2026-02-10	X	1	1
553	15	2026-02-10	X	1	1
556	11	2026-02-12	X	1	1
558	7	2026-02-16	X	1	1
559	8	2026-02-16	X	1	1
561	15	2026-02-16	X	1	1
562	7	2026-02-17	X	1	1
564	11	2026-02-17	X	1	1
565	15	2026-02-17	X	1	1
567	8	2026-02-19	X	1	1
568	11	2026-02-19	X	1	1
570	7	2026-02-23	X	1	1
571	8	2026-02-23	X	1	1
573	15	2026-02-23	X	1	1
574	7	2026-02-24	X	1	1
576	11	2026-02-24	X	1	1
577	7	2026-02-26	X	1	1
579	11	2026-02-26	X	1	1
580	15	2026-02-26	X	1	1
581	7	2026-03-26	X	1	1
582	7	2026-03-30	X	1	1
583	8	2026-03-26	X	1	1
584	8	2026-03-30	X	1	1
585	11	2026-03-03	X	1	1
586	11	2026-03-24	AG	1	1
587	15	2026-03-10	AG	1	1
588	15	2026-03-12	R	1	1
589	15	2026-03-23	AG	1	1
590	15	2026-03-24	AG	1	1
591	11	2026-03-05	X	1	1
592	11	2026-03-09	X	1	1
593	11	2026-03-10	X	1	1
594	11	2026-03-12	X	1	1
595	11	2026-03-16	X	1	1
596	11	2026-03-17	X	1	1
597	11	2026-03-19	X	1	1
598	11	2026-03-23	X	1	1
599	11	2026-03-26	X	1	1
600	11	2026-03-30	X	1	1
601	15	2026-03-02	X	1	1
602	15	2026-03-03	X	1	1
603	15	2026-03-05	X	1	1
604	15	2026-03-09	X	1	1
605	15	2026-03-16	X	1	1
606	15	2026-03-17	X	1	1
607	15	2026-03-19	X	1	1
608	15	2026-03-26	X	1	1
609	15	2026-03-30	X	1	1
34	9	2026-03-26	X	1	1
610	9	2026-03-30	X	1	1
611	9	2026-03-31	AG	1	1
612	10	2026-03-26	AG	1	1
613	10	2026-03-30	X	1	1
614	14	2026-03-26	AG	1	1
615	16	2026-03-02	AI	1	1
616	16	2026-03-03	AI	1	1
617	16	2026-03-05	AG	1	1
618	16	2026-03-12	AI	1	1
619	16	2026-03-17	AI	1	1
620	16	2026-03-19	AI	1	1
621	16	2026-03-24	AI	1	1
622	16	2026-03-26	AI	1	1
623	16	2026-03-30	AI	1	1
624	14	2026-03-02	X	1	1
625	14	2026-03-03	X	1	1
626	14	2026-03-05	X	1	1
627	14	2026-03-09	X	1	1
628	16	2026-03-09	X	1	1
629	14	2026-03-10	X	1	1
630	16	2026-03-10	X	1	1
631	14	2026-03-12	X	1	1
632	14	2026-03-16	X	1	1
633	16	2026-03-16	X	1	1
634	14	2026-03-17	X	1	1
635	14	2026-03-19	X	1	1
636	14	2026-03-23	X	1	1
637	16	2026-03-23	X	1	1
638	14	2026-03-24	X	1	1
639	14	2026-03-30	X	1	1
695	21	2025-09-01	X	1	1
696	21	2025-09-02	X	1	1
642	8	2026-04-02	AG	1	1
643	11	2026-04-02	AG	1	1
644	15	2026-04-02	AG	1	1
645	9	2026-04-02	AG	1	1
646	18	2026-04-02	AG	1	1
648	18	2026-04-07	AG	1	1
649	7	2026-03-31	X	1	1
650	8	2026-03-31	X	1	1
651	11	2026-03-31	X	1	1
652	15	2026-03-31	X	1	1
653	10	2026-03-31	X	1	1
640	14	2026-03-31	X	1	1
654	16	2026-03-31	AI	1	1
655	18	2026-03-02	AG	1	1
656	18	2026-03-03	X	1	1
657	18	2026-03-05	X	1	1
658	18	2026-03-09	AG	1	1
659	18	2026-03-10	AG	1	1
660	18	2026-03-12	AG	1	1
661	18	2026-03-16	AG	1	1
662	18	2026-03-17	AG	1	1
663	18	2026-03-19	AG	1	1
664	18	2026-03-23	AG	1	1
665	18	2026-03-24	AG	1	1
666	18	2026-03-26	AG	1	1
667	18	2026-03-30	AG	1	1
668	18	2026-03-31	AG	1	1
669	10	2026-04-02	X	1	1
670	14	2026-04-02	X	1	1
671	16	2026-04-02	AI	1	1
647	18	2026-04-06	\N	1	1
673	7	2026-04-07	X	1	1
672	7	2026-04-06	\N	1	1
674	8	2026-04-07	X	1	1
675	11	2026-04-07	X	1	1
676	15	2026-04-07	X	1	1
677	9	2026-04-07	X	1	1
678	10	2026-04-07	X	1	1
679	14	2026-04-07	X	1	1
680	16	2026-04-07	X	1	1
697	21	2025-09-04	X	1	1
641	7	2026-04-13	\N	1	1
681	20	2025-09-01	X	1	1
682	20	2025-09-02	X	1	1
683	20	2025-09-04	X	1	1
684	20	2025-09-08	X	1	1
685	20	2025-09-09	X	1	1
686	20	2025-09-11	X	1	1
687	20	2025-09-15	X	1	1
688	20	2025-09-16	X	1	1
689	20	2025-09-18	X	1	1
690	20	2025-09-22	X	1	1
691	20	2025-09-23	X	1	1
692	20	2025-09-25	X	1	1
693	20	2025-09-29	X	1	1
694	20	2025-09-30	X	1	1
698	21	2025-09-08	X	1	1
699	21	2025-09-09	X	1	1
700	21	2025-09-11	X	1	1
701	21	2025-09-15	X	1	1
702	21	2025-09-16	X	1	1
703	21	2025-09-18	X	1	1
704	21	2025-09-22	X	1	1
705	21	2025-09-23	X	1	1
706	21	2025-09-25	X	1	1
707	21	2025-09-29	X	1	1
708	21	2025-09-30	X	1	1
709	18	2025-09-02	X	1	1
710	18	2025-09-04	X	1	1
711	18	2025-09-08	X	1	1
712	18	2025-09-09	X	1	1
713	18	2025-09-11	X	1	1
714	18	2025-09-15	X	1	1
715	18	2025-09-16	X	1	1
716	18	2025-09-18	X	1	1
717	18	2025-09-22	X	1	1
719	18	2025-09-25	X	1	1
720	18	2025-09-29	X	1	1
724	19	2025-09-04	X	1	1
727	19	2025-09-11	X	1	1
730	19	2025-09-18	X	1	1
733	19	2025-09-25	X	1	1
736	22	2025-09-18	AG	1	1
739	22	2025-09-04	X	1	1
742	22	2025-09-11	X	1	1
745	22	2025-09-23	X	1	1
749	23	2025-09-15	X	1	1
750	23	2025-09-11	AI	1	1
752	23	2025-09-02	X	1	1
753	23	2025-09-08	X	1	1
755	23	2025-09-25	AG	1	1
756	23	2025-09-16	X	1	1
758	23	2025-09-22	X	1	1
759	23	2025-09-23	X	1	1
761	23	2025-09-30	X	1	1
762	24	2025-09-11	AI	1	1
764	24	2025-09-30	AG	1	1
765	24	2025-09-01	X	1	1
767	24	2025-09-04	X	1	1
768	24	2025-09-08	X	1	1
770	24	2025-09-15	X	1	1
771	24	2025-09-16	X	1	1
773	24	2025-09-22	X	1	1
774	24	2025-09-23	X	1	1
776	25	2025-09-01	X	1	1
777	25	2025-09-04	X	1	1
779	25	2025-09-08	X	1	1
780	25	2025-09-09	X	1	1
782	25	2025-09-15	X	1	1
783	25	2025-09-16	X	1	1
785	25	2025-09-22	X	1	1
786	25	2025-09-23	X	1	1
788	25	2025-09-29	X	1	1
789	25	2025-09-30	X	1	1
718	18	2025-09-23	X	1	1
721	18	2025-09-30	X	1	1
722	19	2025-09-02	X	1	1
723	19	2025-09-30	AI	1	1
725	19	2025-09-08	X	1	1
726	19	2025-09-09	X	1	1
728	19	2025-09-15	X	1	1
729	19	2025-09-16	X	1	1
731	19	2025-09-22	X	1	1
732	19	2025-09-23	X	1	1
734	19	2025-09-29	X	1	1
735	22	2025-09-15	AG	1	1
737	22	2025-09-30	AG	1	1
738	22	2025-09-02	X	1	1
740	22	2025-09-08	X	1	1
741	22	2025-09-09	X	1	1
743	22	2025-09-16	X	1	1
744	22	2025-09-22	X	1	1
746	22	2025-09-25	X	1	1
747	22	2025-09-29	X	1	1
748	23	2025-09-04	AI	1	1
751	23	2025-09-01	X	1	1
754	23	2025-09-09	X	1	1
757	23	2025-09-18	X	1	1
760	23	2025-09-29	X	1	1
763	24	2025-09-29	AG	1	1
766	24	2025-09-02	X	1	1
769	24	2025-09-09	X	1	1
772	24	2025-09-18	X	1	1
775	24	2025-09-25	X	1	1
778	25	2025-09-02	X	1	1
781	25	2025-09-11	X	1	1
784	25	2025-09-18	X	1	1
787	25	2025-09-25	X	1	1
\.


--
-- Data for Name: utenti; Type: TABLE DATA; Schema: public; Owner: registro_user
--

COPY public.utenti (id, username, password_hash, is_admin, nome, cognome, data_nascita, codice_fiscale, cellulare, tesserino, ruolo, societa_id, is_super_admin) FROM stdin;
3	agrillo	$2b$12$Ud5FbYa8NgxoT3/y.sn6tuWzR22c6ODTePHgIZwrypKIkob36/wZ2	0	Andrea	Grillo	1982-07-30	GRLNDR82L30H501S	3494544193	\N	mister	1	0
5	avalli	$2b$12$VQsS1hY1DmgZXBuOkor7vePTsK75u4Ez1ivvexo9vv2vkJ/iu4Ay.	1	Andrea	Valli	\N	\N	\N	\N	admin	2	0
4	afranconieri	$2b$12$Uz6AhBYKm.JlSu.KveEVrO40.9/F7H6P2w1ZBtxbYb48yNwaqdku.	0	Angelo	Franconieri	1976-10-06	FRNNGL76R06H501Z	3313653311	\N	dirigente	1	0
1	admin	$2b$12$g5OloVx8jRbdURpLSsu9oeUzQnBMXt8gWMn1fEQMm9mfoa8zhJHmK	1	Admin	Admin	1990-01-01	JVBEJBVJBDNVNFV	65165165151	\N	super_admin	1	1
2	asergi	$2b$12$1d3UpDFqNeyBFea2tSREXej.eKWO5Egk3pbCcoV.fRcSeEEOqRGWq	1	Adriano	Sergi	1990-01-01	\N	\N	\N	admin	1	0
\.


--
-- Name: categorie_id_seq; Type: SEQUENCE SET; Schema: public; Owner: registro_user
--

SELECT pg_catalog.setval('public.categorie_id_seq', 14, true);


--
-- Name: gruppi_id_seq; Type: SEQUENCE SET; Schema: public; Owner: registro_user
--

SELECT pg_catalog.setval('public.gruppi_id_seq', 8, true);


--
-- Name: persone_id_seq; Type: SEQUENCE SET; Schema: public; Owner: registro_user
--

SELECT pg_catalog.setval('public.persone_id_seq', 25, true);


--
-- Name: registro_id_seq; Type: SEQUENCE SET; Schema: public; Owner: registro_user
--

SELECT pg_catalog.setval('public.registro_id_seq', 789, true);


--
-- Name: societa_id_seq; Type: SEQUENCE SET; Schema: public; Owner: registro_user
--

SELECT pg_catalog.setval('public.societa_id_seq', 2, true);


--
-- Name: utenti_id_seq; Type: SEQUENCE SET; Schema: public; Owner: registro_user
--

SELECT pg_catalog.setval('public.utenti_id_seq', 5, true);


--
-- PostgreSQL database dump complete
--

\unrestrict vvsjf8K1tBGXCWiSfs8v4IOqfjvZisk9w8Je10EaG0BNUKawFOm02tK8aAhg2p0

